{
    "LightDataArray": [
        {
            "sinAngularRadius": 0.004625000059604645,
            "cosAngularRadius": 1.8631353378295899,
            "specularPower": 80.0,
            "lightIlluminance": 1.7058513164520264,
            "lightFlux": 82.36172485351563,
            "Color": [
                1.0,
                0.9343629479408264,
                0.9343629479408264,
                1.0
            ],
            "Near": 0.000009999999747378752,
            "Far": 8.0,
            "Projparams": [
                20.0,
                20.0,
                0.000009999999747378752,
                8.0
            ],
            "PointRadius": 0.7110946178436279,
            "Direction": [
                1550.279052734375,
                246.6076202392578,
                53.39022445678711
            ],
            "Lradiance": [
                1.2029486894607545,
                1.3933000564575196,
                1.5233162641525269
            ],
            "Position": [
                -0.004886075854301453,
                4.022050380706787,
                -0.029999999329447748,
                0.0
            ],
            "shadowmin": 0.0,
            "shadowdepthbias": 0.000009999999747378752,
            "ShadowMapSize": 4096.0,
            "Type": "Directional"
        },
        {
            "sinAngularRadius": 0.004625000059604645,
            "cosAngularRadius": 0.9999889731407166,
            "specularPower": 80.0,
            "lightIlluminance": 1.5,
            "lightFlux": 0.800000011920929,
            "Color": [
                1.0,
                1.0,
                1.0,
                1.0
            ],
            "Near": 0.10000000149011612,
            "Far": 1.8194230794906617,
            "Projparams": [
                0.0,
                0.0,
                0.10000000149011612,
                1.8194230794906617
            ],
            "PointRadius": 1.9713497161865235,
            "Direction": [
                0.0,
                0.0,
                0.0
            ],
            "Lradiance": [
                1.0,
                1.0,
                1.0
            ],
            "Position": [
                -3.5260682106018068,
                1.190438151359558,
                12.761856079101563,
                1.0
            ],
            "shadowmin": 0.0,
            "shadowdepthbias": 0.000009999999747378752,
            "ShadowMapSize": 1024.0,
            "Type": "Point"
        },
        {
            "sinAngularRadius": 0.004625000059604645,
            "cosAngularRadius": 0.9999889731407166,
            "specularPower": 80.0,
            "lightIlluminance": 1.5,
            "lightFlux": 0.031651273369789126,
            "Color": [
                1.0,
                1.0,
                1.0,
                1.0
            ],
            "Near": 0.10000000149011612,
            "Far": 10.0,
            "Projparams": [
                0.0,
                0.0,
                0.10000000149011612,
                10.0
            ],
            "PointRadius": 0.2136792689561844,
            "Direction": [
                0.0,
                0.0,
                0.0
            ],
            "Lradiance": [
                1.0,
                1.0,
                1.0
            ],
            "Position": [
                -1.911502480506897,
                0.8950000405311585,
                14.165976524353028,
                1.0
            ],
            "shadowmin": 0.0,
            "shadowdepthbias": 0.000009999999747378752,
            "ShadowMapSize": 0.0,
            "Type": "Point"
        },
        {
            "sinAngularRadius": 0.004625000059604645,
            "cosAngularRadius": 0.9999889731407166,
            "specularPower": 80.0,
            "lightIlluminance": 1.5,
            "lightFlux": 0.009999999776482582,
            "Color": [
                1.0,
                1.0,
                1.0,
                1.0
            ],
            "Near": 0.10000000149011612,
            "Far": 10.0,
            "Projparams": [
                0.0,
                0.0,
                0.10000000149011612,
                10.0
            ],
            "PointRadius": 0.2861905097961426,
            "Direction": [
                0.0,
                0.0,
                0.0
            ],
            "Lradiance": [
                1.0,
                1.0,
                1.0
            ],
            "Position": [
                -2.019500732421875,
                1.0115020275115967,
                15.428081512451172,
                1.0
            ],
            "shadowmin": 0.0,
            "shadowdepthbias": 0.000009999999747378752,
            "ShadowMapSize": 0.0,
            "Type": "Point"
        },
        {
            "sinAngularRadius": 0.004625000059604645,
            "cosAngularRadius": 0.9999889731407166,
            "specularPower": 80.0,
            "lightIlluminance": 1.5,
            "lightFlux": 8.31854248046875,
            "Color": [
                0.45361581444740298,
                0.5153452754020691,
                0.7992278337478638,
                1.0
            ],
            "Near": 0.10000000149011612,
            "Far": 1.2999999523162842,
            "Projparams": [
                0.0,
                0.0,
                0.10000000149011612,
                1.2999999523162842
            ],
            "PointRadius": 1.6855825185775757,
            "Direction": [
                0.0,
                0.0,
                0.0
            ],
            "Lradiance": [
                1.0,
                1.0,
                1.0
            ],
            "Position": [
                -2.202998638153076,
                2.2145025730133058,
                16.95708656311035,
                1.0
            ],
            "shadowmin": 0.0,
            "shadowdepthbias": 0.000009999999747378752,
            "ShadowMapSize": 0.0,
            "Type": "Point"
        },
        {
            "sinAngularRadius": 0.004625000059604645,
            "cosAngularRadius": 0.9999889731407166,
            "specularPower": 80.0,
            "lightIlluminance": 1.5,
            "lightFlux": 0.009999999776482582,
            "Color": [
                1.0,
                1.0,
                1.0,
                1.0
            ],
            "Near": 0.10000000149011612,
            "Far": 10.0,
            "Projparams": [
                0.0,
                0.0,
                0.10000000149011612,
                10.0
            ],
            "PointRadius": 0.20782765746116639,
            "Direction": [
                0.0,
                0.0,
                0.0
            ],
            "Lradiance": [
                1.0,
                1.0,
                1.0
            ],
            "Position": [
                -4.390736103057861,
                0.5590000152587891,
                16.185983657836915,
                1.0
            ],
            "shadowmin": 0.0,
            "shadowdepthbias": 0.000009999999747378752,
            "ShadowMapSize": 0.0,
            "Type": "Point"
        },
        {
            "sinAngularRadius": 0.004625000059604645,
            "cosAngularRadius": 0.9999889731407166,
            "specularPower": 80.0,
            "lightIlluminance": 1.5,
            "lightFlux": 0.009999999776482582,
            "Color": [
                1.0,
                1.0,
                1.0,
                1.0
            ],
            "Near": 0.10000000149011612,
            "Far": 10.0,
            "Projparams": [
                0.0,
                0.0,
                0.10000000149011612,
                10.0
            ],
            "PointRadius": 0.21316003799438477,
            "Direction": [
                0.0,
                0.0,
                0.0
            ],
            "Lradiance": [
                1.0,
                1.0,
                1.0
            ],
            "Position": [
                -3.8580033779144289,
                1.1145018339157105,
                17.486480712890626,
                1.0
            ],
            "shadowmin": 0.0,
            "shadowdepthbias": 0.000009999999747378752,
            "ShadowMapSize": 0.0,
            "Type": "Point"
        }
    ]
}