{
    "LightDataArray": [
        {
            "sinAngularRadius": 0.004625000059604645,
            "cosAngularRadius": 1.8631353378295899,
            "specularPower": 80.0,
            "lightIlluminance": 1.7058513164520264,
            "lightFlux": 82.36172485351563,
            "Color": [
                1.0,
                0.9343629479408264,
                0.9343629479408264,
                1.0
            ],
            "Near": 0.000009999999747378752,
            "Far": 8.0,
            "Projparams": [
                20.0,
                20.0,
                0.000009999999747378752,
                8.0
            ],
            "PointRadius": 0.7110946178436279,
            "Direction": [
                1550.279052734375,
                246.6076202392578,
                53.39022445678711
            ],
            "Lradiance": [
                1.2029486894607545,
                1.3933000564575196,
                1.5233162641525269
            ],
            "Position": [
                -0.004886075854301453,
                4.022050380706787,
                -0.029999999329447748,
                0.0
            ],
            "shadowmin": 0.0,
            "shadowdepthbias": 0.000009999999747378752,
            "ShadowMapSize": 256.0,
            "Type": "Directional"
        },
        {
            "sinAngularRadius": 0.004625000059604645,
            "cosAngularRadius": 0.9999889731407166,
            "specularPower": 80.0,
            "lightIlluminance": 1.5,
            "lightFlux": 0.800000011920929,
            "Color": [
                1.0,
                1.0,
                1.0,
                1.0
            ],
            "Near": 0.10000000149011612,
            "Far": 1.8194230794906617,
            "Projparams": [
                0.0,
                0.0,
                0.10000000149011612,
                1.8194230794906617
            ],
            "PointRadius": 1.9713497161865235,
            "Direction": [
                0.0,
                0.0,
                0.0
            ],
            "Lradiance": [
                1.0,
                1.0,
                1.0
            ],
            "Position": [
                -3.5260682106018068,
                1.190438151359558,
                12.761856079101563,
                1.0
            ],
            "shadowmin": 0.0,
            "shadowdepthbias": 0.000009999999747378752,
            "ShadowMapSize": 1024.0,
            "Type": "Point"
        },
        {
            "sinAngularRadius": 0.004625000059604645,
            "cosAngularRadius": 0.9999889731407166,
            "specularPower": 80.0,
            "lightIlluminance": 1.5,
            "lightFlux": 0.031651273369789126,
            "Color": [
                1.0,
                1.0,
                1.0,
                1.0
            ],
            "Near": 0.10000000149011612,
            "Far": 10.0,
            "Projparams": [
                0.0,
                0.0,
                0.10000000149011612,
                10.0
            ],
            "PointRadius": 0.2136792689561844,
            "Direction": [
                0.0,
                0.0,
                0.0
            ],
            "Lradiance": [
                1.0,
                1.0,
                1.0
            ],
            "Position": [
                -1.911502480506897,
                0.8950000405311585,
                14.165976524353028,
                1.0
            ],
            "shadowmin": 0.0,
            "shadowdepthbias": 0.000009999999747378752,
            "ShadowMapSize": 0.0,
            "Type": "Point"
        },
        {
            "sinAngularRadius": 0.004625000059604645,
            "cosAngularRadius": 0.9999889731407166,
            "specularPower": 80.0,
            "lightIlluminance": 1.5,
            "lightFlux": 0.009999999776482582,
            "Color": [
                1.0,
                1.0,
                1.0,
                1.0
            ],
            "Near": 0.10000000149011612,
            "Far": 10.0,
            "Projparams": [
                0.0,
                0.0,
                0.10000000149011612,
                10.0
            ],
            "PointRadius": 0.2861905097961426,
            "Direction": [
                0.0,
                0.0,
                0.0
            ],
            "Lradiance": [
                1.0,
                1.0,
                1.0
            ],
            "Position": [
                -2.019500732421875,
                1.0115020275115967,
                15.428081512451172,
                1.0
            ],
            "shadowmin": 0.0,
            "shadowdepthbias": 0.000009999999747378752,
            "ShadowMapSize": 0.0,
            "Type": "Point"
        },
        {
            "sinAngularRadius": 0.004625000059604645,
            "cosAngularRadius": 0.9999889731407166,
            "specularPower": 80.0,
            "lightIlluminance": 1.5,
            "lightFlux": 8.31854248046875,
            "Color": [
                0.45361581444740298,
                0.5153452754020691,
                0.7992278337478638,
                1.0
            ],
            "Near": 0.10000000149011612,
            "Far": 1.2999999523162842,
            "Projparams": [
                0.0,
                0.0,
                0.10000000149011612,
                1.2999999523162842
            ],
            "PointRadius": 1.6855825185775757,
            "Direction": [
                0.0,
                0.0,
                0.0
            ],
            "Lradiance": [
                1.0,
                1.0,
                1.0
            ],
            "Position": [
                -2.202998638153076,
                2.2145025730133058,
                16.95708656311035,
                1.0
            ],
            "shadowmin": 0.0,
            "shadowdepthbias": 0.000009999999747378752,
            "ShadowMapSize": 1024.0,
            "Type": "Point"
        },
        {
            "sinAngularRadius": 0.004625000059604645,
            "cosAngularRadius": 0.9999889731407166,
            "specularPower": 80.0,
            "lightIlluminance": 1.5,
            "lightFlux": 0.009999999776482582,
            "Color": [
                1.0,
                1.0,
                1.0,
                1.0
            ],
            "Near": 0.10000000149011612,
            "Far": 10.0,
            "Projparams": [
                0.0,
                0.0,
                0.10000000149011612,
                10.0
            ],
            "PointRadius": 0.20782765746116639,
            "Direction": [
                0.0,
                0.0,
                0.0
            ],
            "Lradiance": [
                1.0,
                1.0,
                1.0
            ],
            "Position": [
                -4.390736103057861,
                0.5590000152587891,
                16.185983657836915,
                1.0
            ],
            "shadowmin": 0.0,
            "shadowdepthbias": 0.000009999999747378752,
            "ShadowMapSize": 0.0,
            "Type": "Point"
        },
        {
            "sinAngularRadius": 0.004625000059604645,
            "cosAngularRadius": 0.9999889731407166,
            "specularPower": 80.0,
            "lightIlluminance": 1.5,
            "lightFlux": 0.009999999776482582,
            "Color": [
                1.0,
                1.0,
                1.0,
                1.0
            ],
            "Near": 0.10000000149011612,
            "Far": 10.0,
            "Projparams": [
                0.0,
                0.0,
                0.10000000149011612,
                10.0
            ],
            "PointRadius": 0.21316003799438477,
            "Direction": [
                0.0,
                0.0,
                0.0
            ],
            "Lradiance": [
                1.0,
                1.0,
                1.0
            ],
            "Position": [
                -3.8580033779144289,
                1.1145018339157105,
                17.486480712890626,
                1.0
            ],
            "shadowmin": 0.0,
            "shadowdepthbias": 0.000009999999747378752,
            "ShadowMapSize": 0.0,
            "Type": "Point"
        },
        {
            "sinAngularRadius": 0.004625000059604645,
            "cosAngularRadius": 0.9999889731407166,
            "specularPower": 80.0,
            "lightIlluminance": 1.5,
            "lightFlux": 0.0010000000474974514,
            "Color": [
                0.9382239580154419,
                0.6891766786575317,
                0.38036105036735537,
                1.0
            ],
            "Near": 0.10000000149011612,
            "Far": 10.0,
            "Projparams": [
                0.0,
                0.0,
                0.10000000149011612,
                10.0
            ],
            "PointRadius": 1.0,
            "Direction": [
                0.0,
                0.0,
                0.0
            ],
            "Lradiance": [
                1.0,
                1.0,
                1.0
            ],
            "Position": [
                -4.238999843597412,
                0.9110000133514404,
                17.57699966430664,
                1.0
            ],
            "shadowmin": 0.0,
            "shadowdepthbias": 0.000009999999747378752,
            "ShadowMapSize": 0.0,
            "Type": "Point"
        },
        {
            "sinAngularRadius": 0.004625000059604645,
            "cosAngularRadius": 0.9999889731407166,
            "specularPower": 80.0,
            "lightIlluminance": 1.5,
            "lightFlux": 0.03922379016876221,
            "Color": [
                1.0,
                1.0,
                1.0,
                1.0
            ],
            "Near": 0.10000000149011612,
            "Far": 10.0,
            "Projparams": [
                0.0,
                0.0,
                0.10000000149011612,
                10.0
            ],
            "PointRadius": 1.0092803239822388,
            "Direction": [
                0.0,
                0.0,
                0.0
            ],
            "Lradiance": [
                1.0,
                1.0,
                1.0
            ],
            "Position": [
                -5.310997486114502,
                1.4889999628067017,
                16.33179473876953,
                1.0
            ],
            "shadowmin": 0.0,
            "shadowdepthbias": 0.000009999999747378752,
            "ShadowMapSize": 0.0,
            "Type": "Point"
        },
        {
            "sinAngularRadius": 0.004625000059604645,
            "cosAngularRadius": 0.9999889731407166,
            "specularPower": 80.0,
            "lightIlluminance": 1.5,
            "lightFlux": 0.039000000804662707,
            "Color": [
                1.0,
                1.0,
                1.0,
                1.0
            ],
            "Near": 0.10000000149011612,
            "Far": 10.0,
            "Projparams": [
                0.0,
                0.0,
                0.10000000149011612,
                10.0
            ],
            "PointRadius": 1.0089999437332154,
            "Direction": [
                0.0,
                0.0,
                0.0
            ],
            "Lradiance": [
                1.0,
                1.0,
                1.0
            ],
            "Position": [
                -5.3502516746521,
                1.465999960899353,
                16.707290649414064,
                1.0
            ],
            "shadowmin": 0.0,
            "shadowdepthbias": 0.000009999999747378752,
            "ShadowMapSize": 0.0,
            "Type": "Point"
        },
        {
            "sinAngularRadius": 0.004625000059604645,
            "cosAngularRadius": 0.9999889731407166,
            "specularPower": 80.0,
            "lightIlluminance": 1.5,
            "lightFlux": 0.04843597114086151,
            "Color": [
                1.0,
                1.0,
                1.0,
                1.0
            ],
            "Near": 0.10000000149011612,
            "Far": 10.0,
            "Projparams": [
                0.0,
                0.0,
                0.10000000149011612,
                10.0
            ],
            "PointRadius": 0.5615413784980774,
            "Direction": [
                0.0,
                0.0,
                0.0
            ],
            "Lradiance": [
                1.0,
                1.0,
                1.0
            ],
            "Position": [
                -4.279501438140869,
                1.7489999532699586,
                16.502416610717775,
                1.0
            ],
            "shadowmin": 0.0,
            "shadowdepthbias": 0.000009999999747378752,
            "ShadowMapSize": 0.0,
            "Type": "Point"
        },
        {
            "sinAngularRadius": 0.004625000059604645,
            "cosAngularRadius": 0.9999889731407166,
            "specularPower": 80.0,
            "lightIlluminance": 1.5,
            "lightFlux": 0.003587991464883089,
            "Color": [
                1.0,
                1.0,
                1.0,
                1.0
            ],
            "Near": 0.10000000149011612,
            "Far": 10.0,
            "Projparams": [
                0.0,
                0.0,
                0.10000000149011612,
                10.0
            ],
            "PointRadius": 0.23507894575595857,
            "Direction": [
                0.0,
                0.0,
                0.0
            ],
            "Lradiance": [
                1.0,
                1.0,
                1.0
            ],
            "Position": [
                -4.430014610290527,
                1.7929999828338624,
                17.714006423950197,
                1.0
            ],
            "shadowmin": 0.0,
            "shadowdepthbias": 0.000009999999747378752,
            "ShadowMapSize": 0.0,
            "Type": "Point"
        },
        {
            "sinAngularRadius": 0.004625000059604645,
            "cosAngularRadius": 0.9999889731407166,
            "specularPower": 80.0,
            "lightIlluminance": 1.5,
            "lightFlux": 0.004000000189989805,
            "Color": [
                1.0,
                1.0,
                1.0,
                1.0
            ],
            "Near": 0.10000000149011612,
            "Far": 10.0,
            "Projparams": [
                0.0,
                0.0,
                0.10000000149011612,
                10.0
            ],
            "PointRadius": 0.23499999940395356,
            "Direction": [
                0.0,
                0.0,
                0.0
            ],
            "Lradiance": [
                1.0,
                1.0,
                1.0
            ],
            "Position": [
                -4.419501304626465,
                1.7730000019073487,
                15.256999015808106,
                1.0
            ],
            "shadowmin": 0.0,
            "shadowdepthbias": 0.000009999999747378752,
            "ShadowMapSize": 0.0,
            "Type": "Point"
        },
        {
            "sinAngularRadius": 0.004625000059604645,
            "cosAngularRadius": 0.9999889731407166,
            "specularPower": 80.0,
            "lightIlluminance": 1.5,
            "lightFlux": 0.003000000026077032,
            "Color": [
                1.0,
                1.0,
                1.0,
                1.0
            ],
            "Near": 0.10000000149011612,
            "Far": 10.0,
            "Projparams": [
                0.0,
                0.0,
                0.10000000149011612,
                10.0
            ],
            "PointRadius": 0.2701406180858612,
            "Direction": [
                0.0,
                0.0,
                0.0
            ],
            "Lradiance": [
                1.0,
                1.0,
                1.0
            ],
            "Position": [
                -3.1922550201416017,
                1.7799999713897706,
                15.040238380432129,
                1.0
            ],
            "shadowmin": 0.0,
            "shadowdepthbias": 0.000009999999747378752,
            "ShadowMapSize": 0.0,
            "Type": "Point"
        },
        {
            "sinAngularRadius": 0.004625000059604645,
            "cosAngularRadius": 0.9999889731407166,
            "specularPower": 80.0,
            "lightIlluminance": 1.5,
            "lightFlux": 0.0020000000949949028,
            "Color": [
                1.0,
                1.0,
                1.0,
                1.0
            ],
            "Near": 0.10000000149011612,
            "Far": 10.0,
            "Projparams": [
                0.0,
                0.0,
                0.10000000149011612,
                10.0
            ],
            "PointRadius": 0.16377508640289308,
            "Direction": [
                0.0,
                0.0,
                0.0
            ],
            "Lradiance": [
                1.0,
                1.0,
                1.0
            ],
            "Position": [
                -3.361999988555908,
                1.746000051498413,
                18.350000381469728,
                1.0
            ],
            "shadowmin": 0.0,
            "shadowdepthbias": 0.000009999999747378752,
            "ShadowMapSize": 0.0,
            "Type": "Point"
        },
        {
            "sinAngularRadius": 0.004625000059604645,
            "cosAngularRadius": 0.9999889731407166,
            "specularPower": 80.0,
            "lightIlluminance": 1.5,
            "lightFlux": 0.004999999888241291,
            "Color": [
                1.0,
                1.0,
                1.0,
                1.0
            ],
            "Near": 0.10000000149011612,
            "Far": 10.0,
            "Projparams": [
                0.0,
                0.0,
                0.10000000149011612,
                10.0
            ],
            "PointRadius": 0.32113009691238406,
            "Direction": [
                0.0,
                0.0,
                0.0
            ],
            "Lradiance": [
                1.0,
                1.0,
                1.0
            ],
            "Position": [
                -3.4200000762939455,
                1.7669999599456788,
                20.051000595092775,
                1.0
            ],
            "shadowmin": 0.0,
            "shadowdepthbias": 0.000009999999747378752,
            "ShadowMapSize": 0.0,
            "Type": "Point"
        },
        {
            "sinAngularRadius": 0.004625000059604645,
            "cosAngularRadius": 0.9999889731407166,
            "specularPower": 80.0,
            "lightIlluminance": 1.5,
            "lightFlux": 4.0,
            "Color": [
                1.0,
                1.0,
                1.0,
                1.0
            ],
            "Near": 0.10000000149011612,
            "Far": 2.0,
            "Projparams": [
                0.0,
                0.0,
                0.10000000149011612,
                2.0
            ],
            "PointRadius": 1.433512568473816,
            "Direction": [
                0.0,
                0.0,
                0.0
            ],
            "Lradiance": [
                1.0,
                1.0,
                1.0
            ],
            "Position": [
                -3.296515464782715,
                1.5692986249923707,
                23.131912231445314,
                1.0
            ],
            "shadowmin": 0.0,
            "shadowdepthbias": 0.000009999999747378752,
            "ShadowMapSize": 0.0,
            "Type": "Point"
        },
        {
            "sinAngularRadius": 0.004625000059604645,
            "cosAngularRadius": 0.9999889731407166,
            "specularPower": 80.0,
            "lightIlluminance": 1.5,
            "lightFlux": 10.0,
            "Color": [
                1.0,
                1.0,
                1.0,
                1.0
            ],
            "Near": 0.10000000149011612,
            "Far": 1.4500000476837159,
            "Projparams": [
                0.0,
                0.0,
                0.10000000149011612,
                1.4500000476837159
            ],
            "PointRadius": 1.4574717283248902,
            "Direction": [
                0.0,
                0.0,
                0.0
            ],
            "Lradiance": [
                1.0,
                1.0,
                1.0
            ],
            "Position": [
                -2.1936020851135256,
                1.7369420528411866,
                22.759899139404298,
                1.0
            ],
            "shadowmin": 0.0,
            "shadowdepthbias": 0.000009999999747378752,
            "ShadowMapSize": 1024.0,
            "Type": "Point"
        }
    ]
}