{
    "LightDataArray": [
        {
            "sinAngularRadius": 0.004625000059604645,
            "cosAngularRadius": 0.9999889731407166,
            "specularPower": 80.0,
            "lightIlluminance": 1.1682791709899903,
            "lightFlux": 0.001475091208703816,
            "Color": [
                1.0,
                0.9343629479408264,
                0.9343629479408264,
                1.0
            ],
            "Near": 0.000009999999747378752,
            "Far": 8.0,
            "Projparams": [
                20.0,
                20.0,
                0.000009999999747378752,
                8.0
            ],
            "PointRadius": 0.7110946178436279,
            "Direction": [
                1550.279052734375,
                246.6076202392578,
                53.39022445678711
            ],
            "Lradiance": [
                1.0,
                1.0,
                1.0
            ],
            "Position": [
                -0.004886075854301453,
                4.022050380706787,
                -0.029999999329447748,
                0.0
            ],
            "shadowmin": 0.0,
            "shadowdepthbias": 0.000009999999747378752,
            "ShadowMapSize": 4096.0,
            "Type": "Directional"
        },
        {
            "sinAngularRadius": 0.004625000059604645,
            "cosAngularRadius": 0.9999889731407166,
            "specularPower": 80.0,
            "lightIlluminance": 1.5,
            "lightFlux": 0.009886294603347779,
            "Color": [
                0.969111979007721,
                0.4224851131439209,
                0.06735140085220337,
                1.0
            ],
            "Near": 1.0,
            "Far": 1.5,
            "Projparams": [
                0.0,
                0.0,
                1.0,
                1.5
            ],
            "PointRadius": 2.5291531085968019,
            "Direction": [
                0.0,
                0.0,
                0.0
            ],
            "Lradiance": [
                1.0,
                1.0,
                1.0
            ],
            "Position": [
                -5.16209602355957,
                0.3598697781562805,
                -4.089089393615723,
                1.0
            ],
            "shadowmin": 0.0,
            "shadowdepthbias": 0.0,
            "ShadowMapSize": 0.0,
            "Type": "Point"
        },
        {
            "sinAngularRadius": 0.004625000059604645,
            "cosAngularRadius": 0.9999889731407166,
            "specularPower": 80.0,
            "lightIlluminance": 1.5,
            "lightFlux": 0.008280000649392605,
            "Color": [
                0.8339768648147583,
                0.47720927000045779,
                0.10303962975740433,
                1.0
            ],
            "Near": 1.0,
            "Far": 1.5,
            "Projparams": [
                0.0,
                0.0,
                1.0,
                1.5
            ],
            "PointRadius": 3.0938751697540285,
            "Direction": [
                0.0,
                0.0,
                0.0
            ],
            "Lradiance": [
                1.0,
                1.0,
                1.0
            ],
            "Position": [
                -3.1931536197662355,
                0.49945688247680666,
                -5.520660400390625,
                1.0
            ],
            "shadowmin": 0.0,
            "shadowdepthbias": 0.0,
            "ShadowMapSize": 0.0,
            "Type": "Point"
        },
        {
            "sinAngularRadius": 0.004625000059604645,
            "cosAngularRadius": 0.9999889731407166,
            "specularPower": 80.0,
            "lightIlluminance": 1.5,
            "lightFlux": 0.0008789993007667363,
            "Color": [
                0.8996139168739319,
                0.43562382459640505,
                0.10420238971710205,
                1.0
            ],
            "Near": 1.0,
            "Far": 1.5,
            "Projparams": [
                0.0,
                0.0,
                1.0,
                1.5
            ],
            "PointRadius": 0.5907925367355347,
            "Direction": [
                0.0,
                0.0,
                0.0
            ],
            "Lradiance": [
                1.0,
                1.0,
                1.0
            ],
            "Position": [
                -2.279911756515503,
                0.47327059507369997,
                -4.060857772827148,
                1.0
            ],
            "shadowmin": 0.0,
            "shadowdepthbias": 0.0,
            "ShadowMapSize": 0.0,
            "Type": "Point"
        },
        {
            "sinAngularRadius": 0.004625000059604645,
            "cosAngularRadius": 0.9999889731407166,
            "specularPower": 80.0,
            "lightIlluminance": 1.5,
            "lightFlux": 0.009135999716818333,
            "Color": [
                1.0,
                1.0,
                1.0,
                1.0
            ],
            "Near": 1.0,
            "Far": 1.5,
            "Projparams": [
                0.0,
                0.0,
                1.0,
                1.5
            ],
            "PointRadius": 0.6250241994857788,
            "Direction": [
                0.0,
                0.0,
                0.0
            ],
            "Lradiance": [
                1.0,
                1.0,
                1.0
            ],
            "Position": [
                -0.681810736656189,
                -0.011454462073743344,
                -4.630081653594971,
                1.0
            ],
            "shadowmin": 0.0,
            "shadowdepthbias": 0.0,
            "ShadowMapSize": 0.0,
            "Type": "Point"
        },
        {
            "sinAngularRadius": 0.004625000059604645,
            "cosAngularRadius": 0.9999889731407166,
            "specularPower": 80.0,
            "lightIlluminance": 1.5,
            "lightFlux": 0.0020000000949949028,
            "Color": [
                0.7799227833747864,
                0.39529237151145937,
                0.06323698908090592,
                1.0
            ],
            "Near": 1.0,
            "Far": 1.5,
            "Projparams": [
                0.0,
                0.0,
                1.0,
                1.5
            ],
            "PointRadius": 4.0,
            "Direction": [
                0.0,
                0.0,
                0.0
            ],
            "Lradiance": [
                1.0,
                1.0,
                1.0
            ],
            "Position": [
                0.6040111780166626,
                0.14664602279663087,
                -2.830181360244751,
                1.0
            ],
            "shadowmin": 0.0,
            "shadowdepthbias": 0.0,
            "ShadowMapSize": 0.0,
            "Type": "Point"
        },
        {
            "sinAngularRadius": 0.004625000059604645,
            "cosAngularRadius": 0.9999889731407166,
            "specularPower": 80.0,
            "lightIlluminance": 1.5,
            "lightFlux": 0.009999999776482582,
            "Color": [
                0.8223938345909119,
                0.555377185344696,
                0.2508459985256195,
                1.0
            ],
            "Near": 1.0,
            "Far": 1.5,
            "Projparams": [
                0.0,
                0.0,
                1.0,
                1.5
            ],
            "PointRadius": 2.7505905628204347,
            "Direction": [
                0.0,
                0.0,
                0.0
            ],
            "Lradiance": [
                1.0,
                1.0,
                1.0
            ],
            "Position": [
                -1.2184803485870362,
                0.5303059220314026,
                -1.7366833686828614,
                1.0
            ],
            "shadowmin": 0.0,
            "shadowdepthbias": 0.0,
            "ShadowMapSize": 0.0,
            "Type": "Point"
        },
        {
            "sinAngularRadius": 0.004625000059604645,
            "cosAngularRadius": 0.9999889731407166,
            "specularPower": 80.0,
            "lightIlluminance": 1.5,
            "lightFlux": 0.009999999776482582,
            "Color": [
                0.8235294222831726,
                0.5568627715110779,
                0.250980406999588,
                1.0
            ],
            "Near": 1.0,
            "Far": 1.5,
            "Projparams": [
                0.0,
                0.0,
                1.0,
                1.5
            ],
            "PointRadius": 2.750999927520752,
            "Direction": [
                0.0,
                0.0,
                0.0
            ],
            "Lradiance": [
                1.0,
                1.0,
                1.0
            ],
            "Position": [
                -1.521889090538025,
                0.5251279473304749,
                -1.0405054092407227,
                1.0
            ],
            "shadowmin": 0.0,
            "shadowdepthbias": 0.0,
            "ShadowMapSize": 0.0,
            "Type": "Point"
        },
        {
            "sinAngularRadius": 0.004625000059604645,
            "cosAngularRadius": 0.9999889731407166,
            "specularPower": 80.0,
            "lightIlluminance": 1.5,
            "lightFlux": 0.03729712963104248,
            "Color": [
                1.0,
                1.0,
                1.0,
                1.0
            ],
            "Near": 1.0,
            "Far": 1.5,
            "Projparams": [
                0.0,
                0.0,
                1.0,
                1.5
            ],
            "PointRadius": 0.6372358798980713,
            "Direction": [
                0.0,
                0.0,
                0.0
            ],
            "Lradiance": [
                1.0,
                1.0,
                1.0
            ],
            "Position": [
                -0.7321729063987732,
                1.445024013519287,
                -2.6184239387512209,
                1.0
            ],
            "shadowmin": 0.0,
            "shadowdepthbias": 0.0,
            "ShadowMapSize": 0.0,
            "Type": "Point"
        },
        {
            "sinAngularRadius": 0.004625000059604645,
            "cosAngularRadius": 0.9999889731407166,
            "specularPower": 80.0,
            "lightIlluminance": 1.5,
            "lightFlux": 0.012358151376247406,
            "Color": [
                0.7142857313156128,
                0.9166804552078247,
                1.0,
                1.0
            ],
            "Near": 1.0,
            "Far": 1.5,
            "Projparams": [
                0.0,
                0.0,
                1.0,
                1.5
            ],
            "PointRadius": 0.42190390825271609,
            "Direction": [
                0.0,
                0.0,
                0.0
            ],
            "Lradiance": [
                1.0,
                1.0,
                1.0
            ],
            "Position": [
                -1.2264295816421509,
                1.5884743928909302,
                -1.8321672677993775,
                1.0
            ],
            "shadowmin": 0.0,
            "shadowdepthbias": 0.0,
            "ShadowMapSize": 0.0,
            "Type": "Point"
        },
        {
            "sinAngularRadius": 0.004625000059604645,
            "cosAngularRadius": 0.9999889731407166,
            "specularPower": 80.0,
            "lightIlluminance": 1.5,
            "lightFlux": 0.0160599984228611,
            "Color": [
                0.7137255072593689,
                0.9176470637321472,
                1.0,
                1.0
            ],
            "Near": 1.0,
            "Far": 1.5,
            "Projparams": [
                0.0,
                0.0,
                1.0,
                1.5
            ],
            "PointRadius": 0.4774719476699829,
            "Direction": [
                0.0,
                0.0,
                0.0
            ],
            "Lradiance": [
                1.0,
                1.0,
                1.0
            ],
            "Position": [
                -1.533339262008667,
                1.604941487312317,
                -1.1146655082702637,
                1.0
            ],
            "shadowmin": 0.0,
            "shadowdepthbias": 0.0,
            "ShadowMapSize": 0.0,
            "Type": "Point"
        },
        {
            "sinAngularRadius": 0.004625000059604645,
            "cosAngularRadius": 0.9999889731407166,
            "specularPower": 80.0,
            "lightIlluminance": 1.5,
            "lightFlux": 0.005270001478493214,
            "Color": [
                0.7137255072593689,
                0.9176470637321472,
                1.0,
                1.0
            ],
            "Near": 1.0,
            "Far": 1.5,
            "Projparams": [
                0.0,
                0.0,
                1.0,
                1.5
            ],
            "PointRadius": 0.45795971155166628,
            "Direction": [
                0.0,
                0.0,
                0.0
            ],
            "Lradiance": [
                1.0,
                1.0,
                1.0
            ],
            "Position": [
                -1.6035938262939454,
                2.8811986446380617,
                -0.5194132924079895,
                1.0
            ],
            "shadowmin": 0.0,
            "shadowdepthbias": 0.0,
            "ShadowMapSize": 0.0,
            "Type": "Point"
        },
        {
            "sinAngularRadius": 0.004625000059604645,
            "cosAngularRadius": 0.9999889731407166,
            "specularPower": 80.0,
            "lightIlluminance": 1.5,
            "lightFlux": 0.0020000000949949028,
            "Color": [
                1.0,
                0.6662296056747437,
                0.6023166179656982,
                1.0
            ],
            "Near": 1.0,
            "Far": 1.5,
            "Projparams": [
                0.0,
                0.0,
                1.0,
                1.5
            ],
            "PointRadius": 0.8997431993484497,
            "Direction": [
                0.0,
                0.0,
                0.0
            ],
            "Lradiance": [
                1.0,
                1.0,
                1.0
            ],
            "Position": [
                1.8328089714050294,
                1.2528572082519532,
                -0.9494075775146484,
                1.0
            ],
            "shadowmin": 0.0,
            "shadowdepthbias": 0.0,
            "ShadowMapSize": 0.0,
            "Type": "Point"
        },
        {
            "sinAngularRadius": 0.004625000059604645,
            "cosAngularRadius": 0.9999889731407166,
            "specularPower": 80.0,
            "lightIlluminance": 1.5,
            "lightFlux": 0.004000000189989805,
            "Color": [
                1.0,
                0.6666666865348816,
                0.6039215922355652,
                1.0
            ],
            "Near": 1.0,
            "Far": 1.5,
            "Projparams": [
                0.0,
                0.0,
                1.0,
                1.5
            ],
            "PointRadius": 0.8999999761581421,
            "Direction": [
                0.0,
                0.0,
                0.0
            ],
            "Lradiance": [
                1.0,
                1.0,
                1.0
            ],
            "Position": [
                1.9118601083755494,
                1.253000020980835,
                -1.7093818187713624,
                1.0
            ],
            "shadowmin": 0.0,
            "shadowdepthbias": 0.0,
            "ShadowMapSize": 0.0,
            "Type": "Point"
        },
        {
            "sinAngularRadius": 0.004625000059604645,
            "cosAngularRadius": 0.9999889731407166,
            "specularPower": 80.0,
            "lightIlluminance": 1.5,
            "lightFlux": 0.1889999955892563,
            "Color": [
                0.39294153451919558,
                0.2664092779159546,
                1.0,
                1.0
            ],
            "Near": 1.0,
            "Far": 1.5,
            "Projparams": [
                0.0,
                0.0,
                1.0,
                1.5
            ],
            "PointRadius": 0.2777891159057617,
            "Direction": [
                0.0,
                0.0,
                0.0
            ],
            "Lradiance": [
                1.0,
                1.0,
                1.0
            ],
            "Position": [
                -0.5027276873588562,
                0.9208880662918091,
                1.7610834836959839,
                1.0
            ],
            "shadowmin": 0.0,
            "shadowdepthbias": 0.0,
            "ShadowMapSize": 0.0,
            "Type": "Point"
        },
        {
            "sinAngularRadius": 0.004625000059604645,
            "cosAngularRadius": 0.9999889731407166,
            "specularPower": 80.0,
            "lightIlluminance": 1.5,
            "lightFlux": 0.05000000074505806,
            "Color": [
                0.3921568691730499,
                0.2666666805744171,
                1.0,
                1.0
            ],
            "Near": 1.0,
            "Far": 1.5,
            "Projparams": [
                0.0,
                0.0,
                1.0,
                1.5
            ],
            "PointRadius": 0.3140000104904175,
            "Direction": [
                0.0,
                0.0,
                0.0
            ],
            "Lradiance": [
                1.0,
                1.0,
                1.0
            ],
            "Position": [
                -0.750883936882019,
                0.9381599426269531,
                2.2856273651123049,
                1.0
            ],
            "shadowmin": 0.0,
            "shadowdepthbias": 0.0,
            "ShadowMapSize": 0.0,
            "Type": "Point"
        },
        {
            "sinAngularRadius": 0.004625000059604645,
            "cosAngularRadius": 0.9999889731407166,
            "specularPower": 80.0,
            "lightIlluminance": 1.5,
            "lightFlux": 0.00920000858604908,
            "Color": [
                1.0,
                1.0,
                1.0,
                1.0
            ],
            "Near": 1.0,
            "Far": 1.5,
            "Projparams": [
                0.0,
                0.0,
                1.0,
                1.5
            ],
            "PointRadius": 0.533967912197113,
            "Direction": [
                0.0,
                0.0,
                0.0
            ],
            "Lradiance": [
                1.0,
                1.0,
                1.0
            ],
            "Position": [
                -2.010155200958252,
                1.64644455909729,
                -0.4751758873462677,
                1.0
            ],
            "shadowmin": 0.0,
            "shadowdepthbias": 0.0,
            "ShadowMapSize": 0.0,
            "Type": "Point"
        },
        {
            "sinAngularRadius": 0.004625000059604645,
            "cosAngularRadius": 0.9999889731407166,
            "specularPower": 80.0,
            "lightIlluminance": 1.5,
            "lightFlux": 0.021707989275455476,
            "Color": [
                1.0,
                1.0,
                1.0,
                1.0
            ],
            "Near": 1.0,
            "Far": 1.5,
            "Projparams": [
                0.0,
                0.0,
                1.0,
                1.5
            ],
            "PointRadius": 1.036288857460022,
            "Direction": [
                0.0,
                0.0,
                0.0
            ],
            "Lradiance": [
                1.0,
                1.0,
                1.0
            ],
            "Position": [
                -2.0472049713134767,
                0.4937969148159027,
                0.2895653247833252,
                1.0
            ],
            "shadowmin": 0.0,
            "shadowdepthbias": 0.0,
            "ShadowMapSize": 0.0,
            "Type": "Point"
        },
        {
            "sinAngularRadius": 0.004625000059604645,
            "cosAngularRadius": 0.9999889731407166,
            "specularPower": 80.0,
            "lightIlluminance": 1.5,
            "lightFlux": 0.004999999888241291,
            "Color": [
                1.0,
                1.0,
                1.0,
                1.0
            ],
            "Near": 1.0,
            "Far": 1.5,
            "Projparams": [
                0.0,
                0.0,
                1.0,
                1.5
            ],
            "PointRadius": 2.0,
            "Direction": [
                0.0,
                0.0,
                0.0
            ],
            "Lradiance": [
                1.0,
                1.0,
                1.0
            ],
            "Position": [
                -3.849381923675537,
                0.7515341639518738,
                2.873650550842285,
                1.0
            ],
            "shadowmin": 0.0,
            "shadowdepthbias": 0.0,
            "ShadowMapSize": 0.0,
            "Type": "Point"
        },
        {
            "sinAngularRadius": 0.004625000059604645,
            "cosAngularRadius": 0.9999889731407166,
            "specularPower": 80.0,
            "lightIlluminance": 1.5,
            "lightFlux": 1.0,
            "Color": [
                1.0,
                1.0,
                1.0,
                1.0
            ],
            "Near": 1.0,
            "Far": 1.5,
            "Projparams": [
                0.0,
                0.0,
                1.0,
                1.5
            ],
            "PointRadius": 2.041872262954712,
            "Direction": [
                0.0,
                0.0,
                0.0
            ],
            "Lradiance": [
                1.0,
                1.0,
                1.0
            ],
            "Position": [
                0.12878429889678956,
                1.3966110944747925,
                0.02913302183151245,
                1.0
            ],
            "shadowmin": 0.0,
            "shadowdepthbias": 0.009999999776482582,
            "ShadowMapSize": 1024.0,
            "Type": "Point"
        },
        {
            "sinAngularRadius": 0.004625000059604645,
            "cosAngularRadius": 0.9999889731407166,
            "specularPower": 80.0,
            "lightIlluminance": 1.5,
            "lightFlux": 0.05419069156050682,
            "Color": [
                0.9686274528503418,
                0.42352941632270815,
                0.06666667014360428,
                1.0
            ],
            "Near": 0.10000000149011612,
            "Far": 10.0,
            "Projparams": [
                0.0,
                0.0,
                0.10000000149011612,
                10.0
            ],
            "PointRadius": 1.500839114189148,
            "Direction": [
                0.0,
                0.0,
                0.0
            ],
            "Lradiance": [
                1.0,
                1.0,
                1.0
            ],
            "Position": [
                -4.811285018920898,
                0.6590322852134705,
                7.812519073486328,
                1.0
            ],
            "shadowmin": 0.0,
            "shadowdepthbias": 0.000009999999747378752,
            "ShadowMapSize": 512.0,
            "Type": "Point"
        },
        {
            "sinAngularRadius": 0.004625000059604645,
            "cosAngularRadius": 0.9999889731407166,
            "specularPower": 80.0,
            "lightIlluminance": 1.5,
            "lightFlux": 0.05419069156050682,
            "Color": [
                0.9686274528503418,
                0.42352941632270815,
                0.06666667014360428,
                1.0
            ],
            "Near": 0.10000000149011612,
            "Far": 10.0,
            "Projparams": [
                0.0,
                0.0,
                0.10000000149011612,
                10.0
            ],
            "PointRadius": 1.500839114189148,
            "Direction": [
                0.0,
                0.0,
                0.0
            ],
            "Lradiance": [
                1.2198290824890137,
                1.0,
                1.0
            ],
            "Position": [
                -2.3356783390045168,
                0.6590322852134705,
                7.2809038162231449,
                1.0
            ],
            "shadowmin": 0.0,
            "shadowdepthbias": 0.000009999999747378752,
            "ShadowMapSize": 512.0,
            "Type": "Point"
        },
        {
            "sinAngularRadius": 0.004625000059604645,
            "cosAngularRadius": 0.9999889731407166,
            "specularPower": 80.0,
            "lightIlluminance": 1.5,
            "lightFlux": 0.05419069156050682,
            "Color": [
                0.9686274528503418,
                0.42352941632270815,
                0.06666667014360428,
                1.0
            ],
            "Near": 0.10000000149011612,
            "Far": 10.0,
            "Projparams": [
                0.0,
                0.0,
                0.10000000149011612,
                10.0
            ],
            "PointRadius": 1.500839114189148,
            "Direction": [
                0.0,
                0.0,
                0.0
            ],
            "Lradiance": [
                1.0,
                1.0,
                1.0
            ],
            "Position": [
                -4.441955089569092,
                0.6041020154953003,
                11.018636703491211,
                1.0
            ],
            "shadowmin": 0.0,
            "shadowdepthbias": 0.000009999999747378752,
            "ShadowMapSize": 512.0,
            "Type": "Point"
        },
        {
            "sinAngularRadius": 0.004625000059604645,
            "cosAngularRadius": 0.9999889731407166,
            "specularPower": 80.0,
            "lightIlluminance": 1.5,
            "lightFlux": 0.05419069156050682,
            "Color": [
                0.9686274528503418,
                0.42352941632270815,
                0.06666667014360428,
                1.0
            ],
            "Near": 0.10000000149011612,
            "Far": 10.0,
            "Projparams": [
                0.0,
                0.0,
                0.10000000149011612,
                10.0
            ],
            "PointRadius": 1.500839114189148,
            "Direction": [
                0.0,
                0.0,
                0.0
            ],
            "Lradiance": [
                1.0,
                1.0,
                1.0
            ],
            "Position": [
                -2.4922292232513429,
                0.6590322852134705,
                11.011649131774903,
                1.0
            ],
            "shadowmin": 0.0,
            "shadowdepthbias": 0.000009999999747378752,
            "ShadowMapSize": 512.0,
            "Type": "Point"
        }
    ]
}